Team,Player_ID,Player_Name
CLE,allenja01,Jarrett Allen
CLE,diakima01,Mamadi Diakite
CLE,garlada01,Darius Garland
CLE,greenda02,Danny Green
CLE,leverca01,Caris LeVert
CLE,lopezro01,Robin Lopez
CLE,loveke01,Kevin Love
CLE,merrisa01,Sam Merrill
CLE,mitchdo01,Donovan Mitchell
CLE,mobleev01,Evan Mobley
CLE,mobleis01,Isaiah Mobley
CLE,netora01,Raul Neto
CLE,okorois01,Isaac Okoro
CLE,osmande01,Cedi Osman
CLE,rubiori01,Ricky Rubio
CLE,stevela01,Lamar Stevens
CLE,wadede01,Dean Wade
CLE,windldy01,Dylan Windler
BOS,brogdma01,Malcolm Brogdon
BOS,brownja02,Jaylen Brown
BOS,champju01,Justin Champagnie
BOS,davisjd01,JD Davison
BOS,griffbl01,Blake Griffin
BOS,hausesa01,Sam Hauser
BOS,horfoal01,Al Horford
BOS,jacksju01,Justin Jackson
BOS,kabenmf01,Mfiondu Kabengele
BOS,kornelu01,Luke Kornet
BOS,muscami01,Mike Muscala
BOS,pritcpa01,Payton Pritchard
BOS,smartma01,Marcus Smart
BOS,tatumja01,Jayson Tatum
BOS,vonleno01,Noah Vonleh
BOS,whitede01,Derrick White
BOS,willigr01,Grant Williams
BOS,williro04,Robert Williams
NYK,arcidry01,Ryan Arcidiacono
NYK,barrerj01,RJ Barrett
NYK,brunsja01,Jalen Brunson
NYK,fournev01,Evan Fournier
NYK,grimequ01,Quentin Grimes
NYK,hartjo01,Josh Hart
NYK,harteis01,Isaiah Hartenstein
NYK,jeffrda01,DaQuan Jeffries
NYK,keelstr01,Trevor Keels
NYK,mcbrimi01,Miles McBride
NYK,mykhasv01,Svi Mykhailiuk
NYK,quickim01,Immanuel Quickley
NYK,randlju01,Julius Randle
NYK,reddica01,Cam Reddish
NYK,robinmi01,Mitchell Robinson
NYK,rosede01,Derrick Rose
NYK,simsje01,Jericho Sims
NYK,toppiob01,Obi Toppin
MIL,allengr01,Grayson Allen
MIL,antetgi01,Giannis Antetokounmpo
MIL,antetth01,Thanasis Antetokounmpo
MIL,beaucma01,MarJon Beauchamp
MIL,carteje01,Jevon Carter
MIL,connapa01,Pat Connaughton
MIL,crowdja01,Jae Crowder
MIL,dragigo01,Goran Dragić
MIL,greenaj01,A.J. Green
MIL,hillge01,George Hill
MIL,holidjr01,Jrue Holiday
MIL,ibakase01,Serge Ibaka
MIL,inglejo01,Joe Ingles
MIL,leoname01,Meyers Leonard
MIL,lopezbr01,Brook Lopez
MIL,mamuksa01,Sandro Mamukelashvili
MIL,matthwe02,Wesley Matthews
MIL,middlkh01,Khris Middleton
MIL,nworajo01,Jordan Nwora
MIL,portibo01,Bobby Portis
MIL,wiggili01,Lindell Wigginton
IND,bitadgo01,Goga Bitadze
IND,brissos01,Oshae Brissett
IND,brownke03,Kendall Brown
IND,duartch01,Chris Duarte
IND,halibty01,Tyrese Haliburton
IND,hieldbu01,Buddy Hield
IND,hillge01,George Hill
IND,jacksis01,Isaiah Jackson
IND,johnsja01,James Johnson
IND,mathube01,Bennedict Mathurin
IND,mccontj01,T.J. McConnell
IND,nembhan01,Andrew Nembhard
IND,nesmiaa01,Aaron Nesmith
IND,nworajo01,Jordan Nwora
IND,queentr01,Trevelin Queen
IND,smithja04,Jalen Smith
IND,taylote01,Terry Taylor
IND,theisda01,Daniel Theis
IND,turnemy01,Myles Turner
IND,yorkga01,Gabe York
DET,baglema01,Marvin Bagley III
DET,beysa01,Saddiq Bey
DET,boehebu01,Buddy Boeheim
DET,bogdabo02,Bojan Bogdanović
DET,burksal01,Alec Burks
DET,cunnica01,Cade Cunningham
DET,diallha01,Hamidou Diallo
DET,durenja01,Jalen Duren
DET,hamptrj01,R.J. Hampton
DET,hayeski01,Killian Hayes
DET,iveyja01,Jaden Ivey
DET,josepco01,Cory Joseph
DET,keybr01,Braxton Key
DET,knoxke01,Kevin Knox
DET,liveris01,Isaiah Livers
DET,mcgruro01,Rodney McGruder
DET,noelne01,Nerlens Noel
DET,omorueu01,Eugene Omoruyi
DET,rhodeja01,Jared Rhoden
DET,stewais01,Isaiah Stewart
DET,umudest01,Stanley Umude
DET,wisemja01,James Wiseman
MIA,adebaba01,Bam Adebayo
MIA,bouyeja01,Jamaree Bouyea
MIA,butleji01,Jimmy Butler
MIA,cainja01,Jamal Cain
MIA,dedmode01,Dewayne Dedmon
MIA,hasleud01,Udonis Haslem
MIA,herroty01,Tyler Herro
MIA,highsha01,Haywood Highsmith
MIA,jovicni01,Nikola Jović
MIA,loveke01,Kevin Love
MIA,lowryky01,Kyle Lowry
MIA,martica02,Caleb Martin
MIA,oladivi01,Victor Oladipo
MIA,robindu01,Duncan Robinson
MIA,robinor01,Orlando Robinson
MIA,smithdr01,Dru Smith
MIA,strusma01,Max Strus
MIA,vincega01,Gabe Vincent
MIA,yurtsom01,Omer Yurtseven
MIA,zelleco01,Cody Zeller
ORL,anthoco01,Cole Anthony
ORL,bambamo01,Mo Bamba
ORL,banchpa01,Paolo Banchero
ORL,bitadgo01,Goga Bitadze
ORL,bolbo01,Bol Bol
ORL,cartewe01,Wendell Carter Jr.
ORL,cartemi01,Michael Carter-Williams
ORL,fultzma01,Markelle Fultz
ORL,hamptrj01,R.J. Hampton
ORL,harriga01,Gary Harris
ORL,harrike01,Kevon Harris
ORL,houstca01,Caleb Houstan
ORL,isaacjo01,Jonathan Isaac
ORL,okekech01,Chuma Okeke
ORL,rosste01,Terrence Ross
ORL,schofad01,Admiral Schofield
ORL,scrubja01,Jay Scrubb
ORL,suggsja01,Jalen Suggs
ORL,wagnefr01,Franz Wagner
ORL,wagnemo01,Moritz Wagner
ATL,beysa01,Saddiq Bey
ATL,bogdabo01,Bogdan Bogdanović
ATL,capelca01,Clint Capela
ATL,collijo01,John Collins
ATL,culveja01,Jarrett Culver
ATL,fernabr01,Bruno Fernando
ATL,forretr01,Trent Forrest
ATL,griffaj01,AJ Griffin
ATL,holidaa01,Aaron Holiday
ATL,holidju01,Justin Holiday
ATL,huntede01,De'Andre Hunter
ATL,johnsja05,Jalen Johnson
ATL,kaminfr01,Frank Kaminsky
ATL,krejcvi01,Vit Krejci
ATL,martity01,Tyrese Martin
ATL,mathega01,Garrison Mathews
ATL,murrade01,Dejounte Murray
ATL,okongon01,Onyeka Okongwu
ATL,willido02,Donovan Williams
ATL,youngtr01,Trae Young
CHI,beverpa01,Patrick Beverley
CHI,bradlto01,Tony Bradley
CHI,carusal01,Alex Caruso
CHI,derozde01,DeMar DeRozan
CHI,dosunay01,Ayo Dosunmu
CHI,dragigo01,Goran Dragić
CHI,drumman01,Andre Drummond
CHI,greenja02,Javonte Green
CHI,hillma01,Malcolm Hill
CHI,jonesca03,Carlik Jones
CHI,jonesde02,Derrick Jones Jr.
CHI,lavinza01,Zach LaVine
CHI,simonma01,Marko Simonovic
CHI,taylote01,Terry Taylor
CHI,terryda01,Dalen Terry
CHI,vucevni01,Nikola Vučević
CHI,whiteco01,Coby White
CHI,willipa01,Patrick Williams
PHI,champju02,Julian Champagnie
PHI,dedmode01,Dewayne Dedmon
PHI,embiijo01,Joel Embiid
PHI,fostemi02,Michael Foster Jr.
PHI,hardeja01,James Harden
PHI,harremo01,Montrezl Harrell
PHI,harrito02,Tobias Harris
PHI,houseda01,Danuel House Jr.
PHI,kinglo02,Louis King
PHI,korkmfu01,Furkan Korkmaz
PHI,leesa01,Saben Lee
PHI,maxeyty01,Tyrese Maxey
PHI,mccluma01,Mac McClung
PHI,mcdanja01,Jalen McDaniels
PHI,meltode01,De'Anthony Melton
PHI,miltosh01,Shake Milton
PHI,niangge01,Georges Niang
PHI,reedpa01,Paul Reed
PHI,sprinja01,Jaden Springer
PHI,thybuma01,Matisse Thybulle
PHI,tuckepj01,P.J. Tucker
LAL,bambamo01,Mo Bamba
LAL,beaslma01,Malik Beasley
LAL,beverpa01,Patrick Beverley
LAL,brownst02,Sterling Brown
LAL,browntr01,Troy Brown Jr.
LAL,bryanth01,Thomas Bryant
LAL,chrisma02,Max Christie
LAL,davisan02,Anthony Davis
LAL,gabriwe01,Wenyen Gabriel
LAL,hachiru01,Rui Hachimura
LAL,harrish01,Shaquille Harrison
LAL,jamesle01,LeBron James
LAL,jonesda03,Damian Jones
LAL,nunnke01,Kendrick Nunn
LAL,pippesc02,Scotty Pippen Jr.
LAL,reaveau01,Austin Reaves
LAL,reedda01,Davon Reed
LAL,russeda01,D'Angelo Russell
LAL,ryanma01,Matt Ryan
LAL,schrode01,Dennis Schröder
LAL,swideco01,Cole Swider
LAL,thomptr01,Tristan Thompson
LAL,toscaju01,Juan Toscano-Anderson
LAL,vandeja01,Jarred Vanderbilt
LAL,walkelo01,Lonnie Walker IV
LAL,westbru01,Russell Westbrook
DEN,braunch01,Christian Braun
DEN,brownbr01,Bruce Brown
DEN,bryanth01,Thomas Bryant
DEN,caldwke01,Kentavious Caldwell-Pope
DEN,cancavl01,Vlatko Čančar
DEN,gordoaa01,Aaron Gordon
DEN,greenje02,Jeff Green
DEN,hylanbo01,Bones Hyland
DEN,jacksre01,Reggie Jackson
DEN,jokicni01,Nikola Jokić
DEN,jordade01,DeAndre Jordan
DEN,murraja01,Jamal Murray
DEN,nnajize01,Zeke Nnaji
DEN,portemi01,Michael Porter Jr.
DEN,reedda01,Davon Reed
DEN,smithis01,Ish Smith
DEN,watsope01,Peyton Watson
DEN,whiteja03,Jack White
HOU,chrisjo01,Josh Christopher
HOU,daysda01,Darius Days
HOU,easonta01,Tari Eason
HOU,fernabr01,Bruno Fernando
HOU,garubus01,Usman Garuba
HOU,gordoer01,Eric Gordon
HOU,greenja05,Jalen Green
HOU,hudgitr01,Trevor Hudgins
HOU,kaminfr01,Frank Kaminsky
HOU,marjabo01,Boban Marjanović
HOU,martike04,KJ Martin
HOU,mathega01,Garrison Mathews
HOU,nixda01,Daishen Nix
HOU,porteke02,Kevin Porter Jr.
HOU,sengual01,Alperen Şengün
HOU,smithja05,Jabari Smith Jr.
HOU,tateja01,Jae'Sean Tate
HOU,washity02,TyTy Washington Jr.
GSW,baldwpa01,Patrick Baldwin Jr.
GSW,curryst01,Stephen Curry
GSW,divindo01,Donte DiVincenzo
GSW,greendr01,Draymond Green
GSW,greenja01,JaMychal Green
GSW,iguodan01,Andre Iguodala
GSW,jeromty01,Ty Jerome
GSW,kuminjo01,Jonathan Kuminga
GSW,lamban01,Anthony Lamb
GSW,looneke01,Kevon Looney
GSW,moodymo01,Moses Moody
GSW,paytoga02,Gary Payton II
GSW,poolejo01,Jordan Poole
GSW,quinole01,Lester Quiñones
GSW,rolliry01,Ryan Rollins
GSW,thompkl01,Klay Thompson
GSW,wiggian01,Andrew Wiggins
GSW,wisemja01,James Wiseman
MIN,alexani01,Nickeil Alexander-Walker
MIN,anderky01,Kyle Anderson
MIN,conlemi01,Mike Conley
MIN,edwaran01,Anthony Edwards
MIN,forbebr01,Bryn Forbes
MIN,garzalu01,Luka Garza
MIN,goberru01,Rudy Gobert
MIN,knighna01,Nathan Knight
MIN,lawsoaj01,A.J. Lawson
MIN,mcdanja02,Jaden McDaniels
MIN,mclaujo01,Jordan McLaughlin
MIN,minotjo01,Josh Minott
MIN,moorewe01,Wendell Moore Jr.
MIN,nowelja01,Jaylen Nowell
MIN,princta02,Taurean Prince
MIN,reidna01,Naz Reid
MIN,riverau01,Austin Rivers
MIN,russeda01,D'Angelo Russell
MIN,ryanma01,Matt Ryan
MIN,townska01,Karl-Anthony Towns
LAC,batumni01,Nicolas Batum
LAC,bostobr01,Brandon Boston Jr.
LAC,brownmo01,Moses Brown
LAC,coffeam01,Amir Coffey
LAC,covinro01,Robert Covington
LAC,diabamo01,Moussa Diabaté
LAC,georgpa01,Paul George
LAC,gordoer01,Eric Gordon
LAC,hylanbo01,Bones Hyland
LAC,jacksre01,Reggie Jackson
LAC,kennalu01,Luke Kennard
LAC,leonaka01,Kawhi Leonard
LAC,mannte01,Terance Mann
LAC,moonxa01,Xavier Moon
LAC,morrima03,Marcus Morris
LAC,plumlma01,Mason Plumlee
LAC,powelno01,Norman Powell
LAC,prestja01,Jason Preston
LAC,walljo01,John Wall
LAC,westbru01,Russell Westbrook
LAC,zubaciv01,Ivica Zubac
SAC,barneha02,Harrison Barnes
SAC,burtode02,Deonte Burton
SAC,daviste02,Terence Davis
SAC,dellama01,Matthew Dellavedova
SAC,doziepj01,PJ Dozier
SAC,edwarke02,Kessler Edwards
SAC,elliske01,Keon Ellis
SAC,foxde01,De'Aaron Fox
SAC,holmeri01,Richaun Holmes
SAC,huertke01,Kevin Huerter
SAC,lenal01,Alex Len
SAC,lylestr01,Trey Lyles
SAC,metuch01,Chimezie Metu
SAC,mitchda01,Davion Mitchell
SAC,monekch01,Chima Moneke
SAC,monkma01,Malik Monk
SAC,murrake02,Keegan Murray
SAC,okpalkz01,KZ Okpala
SAC,quetane01,Neemias Queta
SAC,sabondo01,Domantas Sabonis
DAL,bertada01,Dāvis Bertāns
DAL,bullore01,Reggie Bullock
DAL,campafa01,Facundo Campazzo
DAL,dinwisp01,Spencer Dinwiddie
DAL,doncilu01,Luka Dončić
DAL,dorsety01,Tyler Dorsey
DAL,finnedo01,Dorian Finney-Smith
DAL,greenjo02,Josh Green
DAL,hardati02,Tim Hardaway Jr.
DAL,hardyja02,Jaden Hardy
DAL,holidju01,Justin Holiday
DAL,irvinky01,Kyrie Irving
DAL,klebima01,Maxi Kleber
DAL,lawsoaj01,A.J. Lawson
DAL,mcgeeja01,JaVale McGee
DAL,morrima02,Markieff Morris
DAL,ntilila01,Frank Ntilikina
DAL,pinsoth01,Theo Pinson
DAL,poweldw01,Dwight Powell
DAL,silvach01,Chris Silva
DAL,walkeke02,Kemba Walker
DAL,woodch01,Christian Wood
DAL,wrighmc01,McKinley Wright IV
PHO,aytonde01,Deandre Ayton
PHO,bazleda01,Darius Bazley
PHO,biyombi01,Bismack Biyombo
PHO,bookede01,Devin Booker
PHO,bridgmi01,Mikal Bridges
PHO,craigto01,Torrey Craig
PHO,duranke01,Kevin Durant
PHO,johnsca02,Cameron Johnson
PHO,landajo01,Jock Landale
PHO,leeda03,Damion Lee
PHO,leesa01,Saben Lee
PHO,okogijo01,Josh Okogie
PHO,paulch01,Chris Paul
PHO,payneca01,Cameron Payne
PHO,rosste01,Terrence Ross
PHO,saricda01,Dario Šarić
PHO,shamela01,Landry Shamet
PHO,wainris01,Ish Wainright
PHO,warretj01,T.J. Warren
PHO,washidu02,Duane Washington Jr.
POR,arcidry01,Ryan Arcidiacono
POR,browngr01,Greg Brown III
POR,butlejo01,John Butler
POR,comanch01,Chance Comanche
POR,eubandr01,Drew Eubanks
POR,grantje01,Jerami Grant
POR,harrish01,Shaquille Harrison
POR,hartjo01,Josh Hart
POR,johnske07,Keon Johnson
POR,knoxke01,Kevin Knox
POR,lillada01,Damian Lillard
POR,littlna01,Nassir Little
POR,mayssk01,Skylar Mays
POR,minayju01,Justin Minaya
POR,nurkiju01,Jusuf Nurkić
POR,paytoga02,Gary Payton II
POR,reddica01,Cam Reddish
POR,sharpsh01,Shaedon Sharpe
POR,simonan01,Anfernee Simons
POR,thybuma01,Matisse Thybulle
POR,walkeja01,Jabari Walker
POR,watfotr01,Trendon Watford
POR,willije02,Jeenathan Williams
POR,winslju01,Justise Winslow
SAS,barlodo01,Dominick Barlow
SAS,bassech01,Charles Bassey
SAS,bateske01,Keita Bates-Diop
SAS,branhma01,Malaki Branham
SAS,champju02,Julian Champagnie
SAS,colliza01,Zach Collins
SAS,dienggo01,Gorgui Dieng
SAS,grahade01,Devonte' Graham
SAS,halljo02,Jordan Hall
SAS,johnsal02,Alize Johnson
SAS,johnske04,Keldon Johnson
SAS,johnsst04,Stanley Johnson
SAS,jonestr01,Tre Jones
SAS,langfro01,Romeo Langford
SAS,mamuksa01,Sandro Mamukelashvili
SAS,mcderdo01,Doug McDermott
SAS,poeltja01,Jakob Poeltl
SAS,primojo01,Joshua Primo
SAS,richajo01,Josh Richardson
SAS,robyis01,Isaiah Roby
SAS,sochaje01,Jeremy Sochan
SAS,vassede01,Devin Vassell
SAS,weslebl01,Blake Wesley
UTA,agbajoc01,Ochai Agbaji
UTA,alexani01,Nickeil Alexander-Walker
UTA,azubuud01,Udoka Azubuike
UTA,beaslma01,Malik Beasley
UTA,bolmale01,Leandro Bolmaro
UTA,brantja01,Jarrell Brantley
UTA,clarkjo01,Jordan Clarkson
UTA,conlemi01,Mike Conley
UTA,dunnkr01,Kris Dunn
UTA,fontesi01,Simone Fontecchio
UTA,gayru01,Rudy Gay
UTA,hortota01,Talen Horton-Tucker
UTA,jacksfr01,Frank Jackson
UTA,jonesda03,Damian Jones
UTA,juzanjo01,Johnny Juzang
UTA,kesslwa01,Walker Kessler
UTA,markkla01,Lauri Markkanen
UTA,olynyke01,Kelly Olynyk
UTA,pottemi01,Micah Potter
UTA,samanlu01,Luka Šamanić
UTA,sextoco01,Collin Sexton
UTA,toscaju01,Juan Toscano-Anderson
UTA,vandeja01,Jarred Vanderbilt
NJN,boganke01,Keith Bogans
NJN,brookma01,MarShon Brooks
NJN,emmetan01,Andre Emmett
NJN,farmajo01,Jordan Farmar
NJN,gainesu01,Sundiata Gaines
NJN,greenge01,Gerald Green
NJN,hornede01,Dennis Horner
NJN,humphkr01,Kris Humphries
NJN,jamesda01,Damion James
NJN,johnsar02,Armon Johnson
NJN,lopezbr01,Brook Lopez
NJN,morroan01,Anthony Morrow
NJN,okurme01,Mehmet Okur
NJN,owensla01,Larry Owens
NJN,petrojo01,Johan Petro
NJN,smithje01,Jerry Smith
NJN,stevede01,DeShawn Stevenson
NJN,wallage01,Gerald Wallace
NJN,willide01,Deron Williams
NJN,willijo03,Jordan Williams
NJN,willish03,Shawne Williams
NJN,willish02,Shelden Williams
SEA,collini01,Nick Collison
SEA,duprero01,Ronald Dupree
SEA,duranke01,Kevin Durant
SEA,elsonfr01,Francisco Elson
SEA,gelabmi01,Mickaël Gelabale
SEA,gilled01,Eddie Gill
SEA,greenje02,Jeff Green
SEA,griffad01,Adrian Griffin
SEA,marshdo01,Donyell Marshall
SEA,newblir01,Ira Newble
SEA,petrojo01,Johan Petro
SEA,ridnolu01,Luke Ridnour
SEA,senesa01,Mouhamed Sene
SEA,swiftro01,Robert Swift
SEA,szczewa02,Wally Szczerbiak
SEA,thomaku01,Kurt Thomas
SEA,watsoea01,Earl Watson
SEA,westde01,Delonte West
SEA,wilcoch01,Chris Wilcox
SEA,wilkida02,Damien Wilkins
SEA,wilksmi01,Mike Wilks
CHH,augmost01,Stacey Augmon
CHH,brownpj01,P.J. Brown
CHH,bullama01,Matt Bullard
CHH,campbel01,Elden Campbell
CHH,davisba01,Baron Davis
CHH,drewbr01,Bryce Drew
CHH,hastoki01,Kirk Haston
CHH,lynchge01,George Lynch
CHH,magloja01,Jamaal Magloire
CHH,mashbja01,Jamal Mashburn
CHH,moisoje01,Jérôme Moïso
CHH,nailole01,Lee Nailon
CHH,recasel01,Eldridge Recasner
CHH,traylro01,Robert Traylor
CHH,wesleda01,David Wesley
WSB,amayaas01,Ashraf Amaya
WSB,cheanca01,Calbert Cheaney
WSB,fishma01,Matt Fish
WSB,grantha01,Harvey Grant
WSB,howarju01,Juwan Howard
WSB,jacksja01,Jaren Jackson
WSB,legleti01,Tim Legler
WSB,muresgh01,Gheorghe Mureșan
WSB,murratr01,Tracy Murray
WSB,nickega01,Gaylon Nickerson
WSB,stricro02,Rod Strickland
WSB,wallabe01,Ben Wallace
WSB,webbech01,Chris Webber
WSB,whitnch01,Chris Whitney
WSB,willilo01,Lorenzo Williams
TOR,achiupr01,Precious Achiuwa
TOR,anunoog01,OG Anunoby
TOR,bantoda01,Dalano Banton
TOR,barnesc01,Scottie Barnes
TOR,bartowi01,Will Barton
TOR,birchkh01,Khem Birch
TOR,bouchch01,Chris Boucher
TOR,champju01,Justin Champagnie
TOR,dowtije01,Jeff Dowtin
TOR,flynnma01,Malachi Flynn
TOR,harpero02,Ron Harper Jr.
TOR,hernaju01,Juancho Hernangómez
TOR,kolokch01,Christian Koloko
TOR,poeltja01,Jakob Poeltl
TOR,porteot01,Otto Porter Jr.
TOR,siakapa01,Pascal Siakam
TOR,trentga02,Gary Trent Jr.
TOR,vanvlfr01,Fred VanVleet
TOR,wieskjo01,Joe Wieskamp
TOR,youngth01,Thaddeus Young
VAN,abdulma02,Mahmoud Abdul-Rauf
VAN,abdursh01,Shareef Abdur-Rahim
VAN,austiis01,Isaac Austin
VAN,bibbymi01,Mike Bibby
VAN,dickemi01,Michael Dickerson
VAN,edwarke01,Kevin Edwards
VAN,harriot01,Othella Harrington
VAN,jonesda01,Damon Jones
VAN,longgr01,Grant Long
VAN,masseto01,Tony Massenburg
VAN,pricebr01,Brent Price
VAN,reevebr01,Bryant Reeves
VAN,stricer01,Erick Strickland
VAN,swiftst01,Stromile Swift
VAN,westdo01,Doug West
WAS,avdijde01,Deni Avdija
WAS,bartowi01,Will Barton
WAS,bealbr01,Bradley Beal
WAS,bouyeja01,Jamaree Bouyea
WAS,careyve01,Vernon Carey Jr.
WAS,cooksxa01,Xavier Cooks
WAS,davisjo06,Johnny Davis
WAS,dotsode01,Devon Dotson
WAS,gaffoda01,Daniel Gafford
WAS,gibsota01,Taj Gibson
WAS,gillan01,Anthony Gill
WAS,goodwjo01,Jordan Goodwin
WAS,hachiru01,Rui Hachimura
WAS,huffja01,Jay Huff
WAS,jacksqu01,Quenton Jackson
WAS,kispeco01,Corey Kispert
WAS,kuzmaky01,Kyle Kuzma
WAS,morrimo01,Monte Morris
WAS,nunnke01,Kendrick Nunn
WAS,porzikr01,Kristaps Porziņģis
WAS,schakjo01,Jordan Schakel
WAS,toddis01,Isaiah Todd
WAS,wrighde01,Delon Wright
MEM,adamsst01,Steven Adams
MEM,aldamsa01,Santi Aldama
MEM,banede01,Desmond Bane
MEM,brookdi01,Dillon Brooks
MEM,chandke01,Kennedy Chandler
MEM,clarkbr01,Brandon Clarke
MEM,gilyaja01,Jacob Gilyard
MEM,greenda02,Danny Green
MEM,jacksja02,Jaren Jackson Jr.
MEM,jonesty01,Tyus Jones
MEM,kennalu01,Luke Kennard
MEM,konchjo01,John Konchar
MEM,laravja01,Jake LaRavia
MEM,loftoke01,Kenneth Lofton Jr.
MEM,moranja01,Ja Morant
MEM,roddyda01,David Roddy
MEM,tillmxa01,Xavier Tillman Sr.
MEM,willivi01,Vince Williams Jr.
MEM,willizi02,Ziaire Williams
NOH,aminual01,Al-Farouq Aminu
NOH,amundlo01,Lou Amundson
NOH,anderry01,Ryan Anderson
NOH,davisan02,Anthony Davis
NOH,gordoer01,Eric Gordon
NOH,harrite01,Terrel Harris
NOH,henryxa01,Xavier Henry
NOH,lopezro01,Robin Lopez
NOH,masonro01,Roger Mason
NOH,mcguido01,Dominic McGuire
NOH,milleda01,Darius Miller
NOH,riverau01,Austin Rivers
NOH,roberbr01,Brian Roberts
NOH,simshe01,Henry Sims
NOH,sloando01,Donald Sloan
NOH,smithja02,Jason Smith
NOH,thomala01,Lance Thomas
NOH,vasqugr01,Greivis Vásquez
NOH,warriha01,Hakim Warrick
NOK,armsthi01,Hilton Armstrong
NOK,bassbr01,Brandon Bass
NOK,brownde02,Devin Brown
NOK,butlera01,Rasual Butler
NOK,chandty01,Tyson Chandler
NOK,jacksbo01,Bobby Jackson
NOK,jacksma02,Marc Jackson
NOK,johnsli01,Linton Johnson
NOK,masonde01,Desmond Mason
NOK,pargoja01,Jannero Pargo
NOK,paulch01,Chris Paul
NOK,simmoce01,Cedric Simmons
NOK,stojape01,Peja Stojaković
NOK,vincima01,Marcus Vinicius
NOK,westda01,David West
OKC,bazleda01,Darius Bazley
OKC,butleja02,Jared Butler
OKC,diengou01,Ousmane Dieng
OKC,dortlu01,Luguentz Dort
OKC,giddejo01,Josh Giddey
OKC,gilgesh01,Shai Gilgeous-Alexander
OKC,joeis01,Isaiah Joe
OKC,manntr01,Tre Mann
OKC,muscami01,Mike Muscala
OKC,omorueu01,Eugene Omoruyi
OKC,pokusal01,Aleksej Pokusevski
OKC,robinje02,Jeremiah Robinson-Earl
OKC,saricda01,Dario Šarić
OKC,sarrol01,Olivier Sarr
OKC,waterli01,Lindy Waters III
OKC,wiggiaa01,Aaron Wiggins
OKC,willija06,Jalen Williams
OKC,willija07,Jaylin Williams
OKC,willike04,Kenrich Williams
BRK,bridgmi01,Mikal Bridges
BRK,brownmo01,Moses Brown
BRK,claxtni01,Nic Claxton
BRK,curryse01,Seth Curry
BRK,dinwisp01,Spencer Dinwiddie
BRK,dukeda01,David Duke Jr.
BRK,duranke01,Kevin Durant
BRK,edwarke02,Kessler Edwards
BRK,finnedo01,Dorian Finney-Smith
BRK,grayra01,RaiQuan Gray
BRK,harrijo01,Joe Harris
BRK,irvinky01,Kyrie Irving
BRK,johnsca02,Cameron Johnson
BRK,millspa02,Patty Mills
BRK,morrima02,Markieff Morris
BRK,noelne01,Nerlens Noel
BRK,onealro01,Royce O'Neale
BRK,sharpda01,Day'Ron Sharpe
BRK,simmobe01,Ben Simmons
BRK,smithdr01,Dru Smith
BRK,sumneed01,Edmond Sumner
BRK,thomaca02,Cam Thomas
BRK,warretj01,T.J. Warren
BRK,watanyu01,Yuta Watanabe
BRK,willial06,Alondes Williams
NOP,alvarjo01,Jose Alvarado
NOP,daniedy01,Dyson Daniels
NOP,grahade01,Devonte' Graham
NOP,hayesja02,Jaxson Hayes
NOP,hernawi01,Willy Hernangómez
NOP,ingrabr01,Brandon Ingram
NOP,joneshe01,Herbert Jones
NOP,lewiski01,Kira Lewis Jr.
NOP,marshna01,Naji Marshall
NOP,mccolcj01,CJ McCollum
NOP,murphtr02,Trey Murphy III
NOP,nancela02,Larry Nance Jr.
NOP,richajo01,Josh Richardson
NOP,seabrde01,Dereon Seabron
NOP,templga01,Garrett Temple
NOP,valanjo01,Jonas Valančiūnas
NOP,willizi01,Zion Williamson
CHO,ballla01,LaMelo Ball
CHO,bouknja01,James Bouknight
CHO,haywago01,Gordon Hayward
CHO,joneska01,Kai Jones
CHO,maledth01,Théo Maledon
CHO,martico01,Cody Martin
CHO,mcdanja01,Jalen McDaniels
CHO,mcgowbr01,Bryce McGowens
CHO,mykhasv01,Svi Mykhailiuk
CHO,oubreke01,Kelly Oubre Jr.
CHO,plumlma01,Mason Plumlee
CHO,richani01,Nick Richards
CHO,roziete01,Terry Rozier
CHO,simmoko01,Kobi Simmons
CHO,smithde03,Dennis Smith Jr.
CHO,sneedxa01,Xavier Sneed
CHO,thorjt01,JT Thor
CHO,washipj01,P.J. Washington
CHO,willima07,Mark Williams
