Team,Player_ID,Player_Name
BLB,asmondo01,Don Asmonga
BLB,barnhle01,Leo Barnhorst
BLB,bolgebi01,Bill Bolger
BLB,felixra01,Ray Felix
BLB,fritsji01,Jim Fritsche
BLB,hansro01,Rollen Hans
BLB,hoffmpa01,Paul Hoffman
BLB,houbrbo01,Bob Houbregs
BLB,luisiji01,Jim Luisi
BLB,mahonmo01,Mo Mahoney
BLB,milleed01,Eddie Miller
BLB,nolenpa01,Paul Nolen
BLB,peterbo01,Bob Peterson
BLB,reaco01,Connie Rea
BLB,rogesal01,Al Roges
BLB,smythjo01,Joe Smyth
BLB,uplinha01,Hal Uplinger
BLB,workmma01,Mark Workman
BLB,zasloma01,Max Zaslofsky
BOS,barksdo01,Don Barksdale
BOS,barreer01,Ernie Barrett
BOS,brannbo01,Bob Brannum
BOS,coopech01,Chuck Cooper
BOS,cousybo01,Bob Cousy
BOS,donhabo01,Bob Donham
BOS,harribo01,Bob Harris
BOS,macaued01,Ed Macauley
BOS,mikaned01,Ed Mikan
BOS,nichoja01,Jack Nichols
BOS,sharmbi01,Bill Sharman
FTW,barnhle01,Leo Barnhorst
FTW,brianfr01,Frankie Brian
FTW,foustla01,Larry Foust
FTW,hutchme01,Mel Hutchins
FTW,meinemo01,Monk Meineke
FTW,molinja01,Jack Molinas
FTW,murrake01,Ken Murray
FTW,phillan01,Andy Phillip
FTW,schaufr01,Fred Schaus
FTW,scolafr01,Fred Scolari
FTW,sharech01,Chuck Share
FTW,sinicze01,Zeke Sinicola
FTW,yardlge01,George Yardley
FTW,zasloma01,Max Zaslofsky
MLH,bemorir01,Irv Bemoras
MLH,calhobi01,Bill Calhoun
MLH,dykerge01,Gene Dyker
MLH,harribo02,Bob Harrison
MLH,hitchle01,Lew Hitch
MLH,holzmre01,Red Holzman
MLH,houbrbo01,Bob Houbregs
MLH,lavoybo01,Bob Lavoy
MLH,lofgrdo01,Don Lofgran
MLH,nichoja01,Jack Nichols
MLH,peterbo01,Bob Peterson
MLH,ratkoge01,George Ratkovicz
MLH,sharech01,Chuck Share
MLH,sundedo01,Don Sunderlage
MLH,surhodi01,Dick Surhoff
MLH,toshebi01,Bill Tosheff
MLH,walthis01,Isaac Walthour
MLH,zasloma01,Max Zaslofsky
MNL,fritsji01,Jim Fritsche
MNL,harribo02,Bob Harrison
MNL,holstji01,Jim Holstein
MNL,lovelcl01,Clyde Lovellette
MNL,martisl01,Slater Martin
MNL,mikange01,George Mikan
MNL,mikkeve01,Vern Mikkelsen
MNL,pollaji01,Jim Pollard
MNL,saulpe01,Pep Saul
MNL,schnidi01,Dick Schnittker
MNL,skoogwh01,Whitey Skoog
NYK,ackerdo01,Don Ackerman
NYK,baechji01,Jim Baechtold
NYK,borylvi01,Vince Boryla
NYK,braunca01,Carl Braun
NYK,cliftna01,Nat Clifton
NYK,gallaha01,Harry Gallatin
NYK,mcguial01,Al McGuire
NYK,mcguidi01,Dick McGuire
NYK,schaufr01,Fred Schaus
NYK,simmoco01,Connie Simmons
NYK,smithed01,Ed Smith
NYK,smythjo01,Joe Smyth
NYK,vandeer01,Ernie Vandeweghe
PHW,becker01,Ernie Beck
PHW,daviswa01,Walt Davis
PHW,finnda01,Danny Finn
PHW,fulksjo01,Joe Fulks
PHW,georgja01,Jack George
PHW,grabojo01,Joe Graboski
PHW,grekino01,Norm Grekin
PHW,johnsne01,Neil Johnston
PHW,phelaja02,Jim Phelan
PHW,senesge01,George Senesky
PHW,walthpa01,Paul Walther
PHW,zawolze01,Zeke Zawoluk
ROC,chrisca01,Cal Christensen
ROC,colemja01,Jack Coleman
ROC,daviebo01,Bob Davies
ROC,hannual01,Alex Hannum
ROC,masinal01,Al Masino
ROC,mcmahja01,Jack McMahon
ROC,reddofr01,Frank Reddout
ROC,risenar01,Arnie Risen
ROC,spearod01,Odie Spears
ROC,swansno01,Norm Swanson
ROC,wanzebo01,Bobby Wanzer
SYR,earleed01,Ed Earle
SYR,gaborbi01,Bill Gabor
SYR,govedba01,Bato Govedarica
SYR,kenvibi01,Billy Kenville
SYR,kingge01,George King
SYR,knostdi01,Dick Knostman
SYR,lavoybo01,Bob Lavoy
SYR,lloydea01,Earl Lloyd
SYR,masinal01,Al Masino
SYR,nealji01,Jim Neal
SYR,novakmi01,Mike Novak
SYR,osterwa01,Wally Osterkorn
SYR,schaydo01,Dolph Schayes
SYR,seymopa01,Paul Seymour
