Team,Player_ID,Player_Name
ATL,bogdabo01,Bogdan Bogdanović
ATL,capelca01,Clint Capela
ATL,collijo01,John Collins
ATL,dunnkr01,Kris Dunn
ATL,fernabr01,Bruno Fernando
ATL,gallida01,Danilo Gallinari
ATL,goodwbr01,Brandon Goodwin
ATL,hillso01,Solomon Hill
ATL,huertke01,Kevin Huerter
ATL,huntede01,De'Andre Hunter
ATL,knighna01,Nathan Knight
ATL,mayssk01,Skylar Mays
ATL,okongon01,Onyeka Okongwu
ATL,reddica01,Cam Reddish
ATL,rondora01,Rajon Rondo
ATL,snellto01,Tony Snell
ATL,willilo02,Lou Williams
ATL,youngtr01,Trae Young
BOS,brownja02,Jaylen Brown
BOS,edwarca01,Carsen Edwards
BOS,fallta01,Tacko Fall
BOS,fournev01,Evan Fournier
BOS,greenja02,Javonte Green
BOS,kornelu01,Luke Kornet
BOS,langfro01,Romeo Langford
BOS,nesmiaa01,Aaron Nesmith
BOS,ojelese01,Semi Ojeleye
BOS,parkeja01,Jabari Parker
BOS,pritcpa01,Payton Pritchard
BOS,smartma01,Marcus Smart
BOS,tatumja01,Jayson Tatum
BOS,teaguje01,Jeff Teague
BOS,theisda01,Daniel Theis
BOS,thomptr01,Tristan Thompson
BOS,wagnemo01,Moritz Wagner
BOS,walkeke02,Kemba Walker
BOS,watertr01,Tremont Waters
BOS,willigr01,Grant Williams
BOS,williro04,Robert Williams
BRK,aldrila01,LaMarcus Aldridge
BRK,allenja01,Jarrett Allen
BRK,brownbr01,Bruce Brown
BRK,chiozch01,Chris Chiozza
BRK,claxtni01,Nic Claxton
BRK,cookty01,Tyler Cook
BRK,dinwisp01,Spencer Dinwiddie
BRK,duranke01,Kevin Durant
BRK,greenje02,Jeff Green
BRK,griffbl01,Blake Griffin
BRK,hardeja01,James Harden
BRK,harrijo01,Joe Harris
BRK,irvinky01,Kyrie Irving
BRK,jamesmi02,Mike James
BRK,johnsal02,Alize Johnson
BRK,johnsty01,Tyler Johnson
BRK,jordade01,DeAndre Jordan
BRK,kurucro01,Rodions Kurucs
BRK,leverca01,Caris LeVert
BRK,luwawti01,Timothé Luwawu-Cabarrot
BRK,pelleno01,Norvel Pelle
BRK,perryre01,Reggie Perry
BRK,princta02,Taurean Prince
BRK,roberan03,Andre Roberson
BRK,shamela01,Landry Shamet
BRK,shumpim01,Iman Shumpert
BRK,vonleno01,Noah Vonleh
CHI,aminual01,Al-Farouq Aminu
CHI,arcidry01,Ryan Arcidiacono
CHI,browntr01,Troy Brown Jr.
CHI,cartewe01,Wendell Carter Jr.
CHI,dotsode01,Devon Dotson
CHI,feliccr01,Cristiano Felício
CHI,gaffoda01,Daniel Gafford
CHI,greenja02,Javonte Green
CHI,hutchch01,Chandler Hutchison
CHI,kornelu01,Luke Kornet
CHI,lavinza01,Zach LaVine
CHI,markkla01,Lauri Markkanen
CHI,mokokad01,Adam Mokoka
CHI,porteot01,Otto Porter Jr.
CHI,satorto01,Tomáš Satoranský
CHI,templga01,Garrett Temple
CHI,theisda01,Daniel Theis
CHI,valende01,Denzel Valentine
CHI,vucevni01,Nikola Vučević
CHI,whiteco01,Coby White
CHI,willipa01,Patrick Williams
CHI,youngth01,Thaddeus Young
CHO,ballla01,LaMelo Ball
CHO,biyombi01,Bismack Biyombo
CHO,bridgmi02,Miles Bridges
CHO,careyve01,Vernon Carey Jr.
CHO,darlina01,Nate Darling
CHO,grahade01,Devonte' Graham
CHO,haywago01,Gordon Hayward
CHO,martica02,Caleb Martin
CHO,martico01,Cody Martin
CHO,mcdanja01,Jalen McDaniels
CHO,monkma01,Malik Monk
CHO,richani01,Nick Richards
CHO,rillegr01,Grant Riller
CHO,roziete01,Terry Rozier
CHO,wanambr01,Brad Wanamaker
CHO,washipj01,P.J. Washington
CHO,zelleco01,Cody Zeller
CLE,allenja01,Jarrett Allen
CLE,boldema01,Marques Bolden
CLE,cookqu01,Quinn Cook
CLE,dellama01,Matthew Dellavedova
CLE,dotsoda01,Damyean Dotson
CLE,drumman01,Andre Drummond
CLE,exumda01,Dante Exum
CLE,ferreyo01,Yogi Ferrell
CLE,garlada01,Darius Garland
CLE,harteis01,Isaiah Hartenstein
CLE,kabenmf01,Mfiondu Kabengele
CLE,loveke01,Kevin Love
CLE,makerth01,Thon Maker
CLE,martije02,Jeremiah Martin
CLE,mcgeeja01,JaVale McGee
CLE,nancela02,Larry Nance Jr.
CLE,okorois01,Isaac Okoro
CLE,osmande01,Cedi Osman
CLE,princta02,Taurean Prince
CLE,sextoco01,Collin Sexton
CLE,stevela01,Lamar Stevens
CLE,thomabr01,Brodric Thomas
CLE,varejan01,Anderson Varejão
CLE,wadede01,Dean Wade
CLE,windldy01,Dylan Windler
DAL,beyty01,Tyler Bey
DAL,brunsja01,Jalen Brunson
DAL,burketr01,Trey Burke
DAL,caulewi01,Willie Cauley-Stein
DAL,doncilu01,Luka Dončić
DAL,finnedo01,Dorian Finney-Smith
DAL,greenjo02,Josh Green
DAL,hardati02,Tim Hardaway Jr.
DAL,hintona01,Nate Hinton
DAL,iwundwe01,Wes Iwundu
DAL,johnsja01,James Johnson
DAL,klebima01,Maxi Kleber
DAL,marjabo01,Boban Marjanović
DAL,mellini01,Nicolò Melli
DAL,porzikr01,Kristaps Porziņģis
DAL,poweldw01,Dwight Powell
DAL,redicjj01,JJ Redick
DAL,richajo01,Josh Richardson
DAL,terryty01,Tyrell Terry
DEN,bartowi01,Will Barton
DEN,bolbo01,Bol Bol
DEN,campafa01,Facundo Campazzo
DEN,cancavl01,Vlatko Čančar
DEN,clarkga01,Gary Clark
DEN,doziepj01,PJ Dozier
DEN,gordoaa01,Aaron Gordon
DEN,greenja01,JaMychal Green
DEN,hamptrj01,R.J. Hampton
DEN,harriga01,Gary Harris
DEN,harrish01,Shaquille Harrison
DEN,harteis01,Isaiah Hartenstein
DEN,howarma02,Markus Howard
DEN,jokicni01,Nikola Jokić
DEN,mcgeeja01,JaVale McGee
DEN,millspa01,Paul Millsap
DEN,morrimo01,Monte Morris
DEN,murraja01,Jamal Murray
DEN,nnajize01,Zeke Nnaji
DEN,portemi01,Michael Porter Jr.
DEN,riverau01,Austin Rivers
DEN,whittgr01,Greg Whittington
DET,beysa01,Saddiq Bey
DET,cookty01,Tyler Cook
DET,diallha01,Hamidou Diallo
DET,doumbse01,Sekou Doumbouya
DET,ellinwa01,Wayne Ellington
DET,grantje01,Jerami Grant
DET,griffbl01,Blake Griffin
DET,hayeski01,Killian Hayes
DET,jacksfr01,Frank Jackson
DET,jacksjo02,Josh Jackson
DET,josepco01,Cory Joseph
DET,leesa01,Saben Lee
DET,mcgruro01,Rodney McGruder
DET,mykhasv01,Svi Mykhailiuk
DET,okafoja01,Jahlil Okafor
DET,plumlma01,Mason Plumlee
DET,rosede01,Derrick Rose
DET,sirvyde01,Deividas Sirvydis
DET,smithde03,Dennis Smith Jr.
DET,stewais01,Isaiah Stewart
DET,wrighde01,Delon Wright
GSW,bazemke01,Kent Bazemore
GSW,belljo01,Jordan Bell
GSW,chrisma01,Marquese Chriss
GSW,curryst01,Stephen Curry
GSW,greendr01,Draymond Green
GSW,leeda03,Damion Lee
GSW,looneke01,Kevon Looney
GSW,mannini01,Nico Mannion
GSW,muldemy01,Mychal Mulder
GSW,oubreke01,Kelly Oubre Jr.
GSW,pascher01,Eric Paschall
GSW,paytoga02,Gary Payton II
GSW,poolejo01,Jordan Poole
GSW,smailal01,Alen Smailagić
GSW,toscaju01,Juan Toscano-Anderson
GSW,wanambr01,Brad Wanamaker
GSW,wiggian01,Andrew Wiggins
GSW,wisemja01,James Wiseman
HOU,augusdj01,D.J. Augustin
HOU,bradlav01,Avery Bradley
HOU,brookar01,Armoni Brooks
HOU,brownst02,Sterling Brown
HOU,cabocbr01,Bruno Caboclo
HOU,couside01,DeMarcus Cousins
HOU,gordoer01,Eric Gordon
HOU,hardeja01,James Harden
HOU,houseda01,Danuel House Jr.
HOU,jeffrda01,DaQuan Jeffries
HOU,jonesma05,Mason Jones
HOU,kurucro01,Rodions Kurucs
HOU,lamban01,Anthony Lamb
HOU,martike04,KJ Martin
HOU,mclembe01,Ben McLemore
HOU,nwabada01,David Nwaba
HOU,oladivi01,Victor Oladipo
HOU,oliveca01,Cameron Oliver
HOU,olynyke01,Kelly Olynyk
HOU,pattoju01,Justin Patton
HOU,porteke02,Kevin Porter Jr.
HOU,reynoca01,Cameron Reynolds
HOU,spaldra01,Ray Spalding
HOU,tateja01,Jae'Sean Tate
HOU,thomabr01,Brodric Thomas
HOU,thomakh01,Khyri Thomas
HOU,tuckepj01,P.J. Tucker
HOU,walljo01,John Wall
HOU,wilsodj01,D.J. Wilson
HOU,woodch01,Christian Wood
IND,bitadgo01,Goga Bitadze
IND,bowenbr02,Brian Bowen
IND,brimaam01,Amida Brimah
IND,brissos01,Oshae Brissett
IND,brogdma01,Malcolm Brogdon
IND,holidaa01,Aaron Holiday
IND,holidju01,Justin Holiday
IND,lambje01,Jeremy Lamb
IND,lecquja01,Jalen Lecque
IND,leverca01,Caris LeVert
IND,martike03,Kelan Martin
IND,mccontj01,T.J. McConnell
IND,mcderdo01,Doug McDermott
IND,oladivi01,Victor Oladipo
IND,sabondo01,Domantas Sabonis
IND,sampsja02,JaKarr Sampson
IND,stanlca01,Cassius Stanley
IND,sumneed01,Edmond Sumner
IND,turnemy01,Myles Turner
IND,warretj01,T.J. Warren
LAC,batumni01,Nicolas Batum
LAC,beverpa01,Patrick Beverley
LAC,coffeam01,Amir Coffey
LAC,couside01,DeMarcus Cousins
LAC,ferreyo01,Yogi Ferrell
LAC,fittsma01,Malik Fitts
LAC,georgpa01,Paul George
LAC,ibakase01,Serge Ibaka
LAC,jacksre01,Reggie Jackson
LAC,kabenmf01,Mfiondu Kabengele
LAC,kennalu01,Luke Kennard
LAC,leonaka01,Kawhi Leonard
LAC,mannte01,Terance Mann
LAC,morrima03,Marcus Morris
LAC,oturuda01,Daniel Oturu
LAC,pattepa01,Patrick Patterson
LAC,rondora01,Rajon Rondo
LAC,scrubja01,Jay Scrubb
LAC,willilo02,Lou Williams
LAC,zubaciv01,Ivica Zubac
LAL,antetko01,Kostas Antetokounmpo
LAL,cacokde01,Devontae Cacok
LAL,caldwke01,Kentavious Caldwell-Pope
LAL,carusal01,Alex Caruso
LAL,cookqu01,Quinn Cook
LAL,davisan02,Anthony Davis
LAL,drumman01,Andre Drummond
LAL,dudleja01,Jared Dudley
LAL,gasolma01,Marc Gasol
LAL,harremo01,Montrezl Harrell
LAL,hortota01,Talen Horton-Tucker
LAL,jamesle01,LeBron James
LAL,jonesda03,Damian Jones
LAL,kuzmaky01,Kyle Kuzma
LAL,matthwe02,Wesley Matthews
LAL,mckinal01,Alfonzo McKinnie
LAL,mclembe01,Ben McLemore
LAL,morrima02,Markieff Morris
LAL,schrode01,Dennis Schröder
MEM,allengr01,Grayson Allen
MEM,anderky01,Kyle Anderson
MEM,banede01,Desmond Bane
MEM,brookdi01,Dillon Brooks
MEM,clarkbr01,Brandon Clarke
MEM,dienggo01,Gorgui Dieng
MEM,fraziti01,Tim Frazier
MEM,jacksja02,Jaren Jackson Jr.
MEM,jonesty01,Tyus Jones
MEM,konchjo01,John Konchar
MEM,mcderse01,Sean McDermott
MEM,meltode01,De'Anthony Melton
MEM,moranja01,Ja Morant
MEM,portejo01,Jontay Porter
MEM,tilliki02,Killian Tillie
MEM,tillmxa01,Xavier Tillman Sr.
MEM,valanjo01,Jonas Valančiūnas
MEM,winslju01,Justise Winslow
MIA,achiupr01,Precious Achiuwa
MIA,adebaba01,Bam Adebayo
MIA,arizatr01,Trevor Ariza
MIA,bjeline01,Nemanja Bjelica
MIA,bradlav01,Avery Bradley
MIA,butleji01,Jimmy Butler
MIA,dedmode01,Dewayne Dedmon
MIA,dragigo01,Goran Dragić
MIA,harklma01,Maurice Harkless
MIA,hasleud01,Udonis Haslem
MIA,herroty01,Tyler Herro
MIA,iguodan01,Andre Iguodala
MIA,leoname01,Meyers Leonard
MIA,nunnke01,Kendrick Nunn
MIA,okpalkz01,KZ Okpala
MIA,oladivi01,Victor Oladipo
MIA,olynyke01,Kelly Olynyk
MIA,robindu01,Duncan Robinson
MIA,silvach01,Chris Silva
MIA,strusma01,Max Strus
MIA,vincega01,Gabe Vincent
MIL,adamsja01,Jaylen Adams
MIL,antetgi01,Giannis Antetokounmpo
MIL,antetth01,Thanasis Antetokounmpo
MIL,augusdj01,D.J. Augustin
MIL,bryanel01,Elijah Bryant
MIL,connapa01,Pat Connaughton
MIL,craigto01,Torrey Craig
MIL,diakima01,Mamadi Diakite
MIL,divindo01,Donte DiVincenzo
MIL,forbebr01,Bryn Forbes
MIL,holidjr01,Jrue Holiday
MIL,jacksju01,Justin Jackson
MIL,kurucro01,Rodions Kurucs
MIL,lopezbr01,Brook Lopez
MIL,merrisa01,Sam Merrill
MIL,middlkh01,Khris Middleton
MIL,nworajo01,Jordan Nwora
MIL,portibo01,Bobby Portis
MIL,teaguje01,Jeff Teague
MIL,toupaax01,Axel Toupane
MIL,tuckepj01,P.J. Tucker
MIL,wilsodj01,D.J. Wilson
MIN,beaslma01,Malik Beasley
MIN,culveja01,Jarrett Culver
MIN,davised01,Ed Davis
MIN,edwaran01,Anthony Edwards
MIN,haganas01,Ashton Hagans
MIN,hernaju01,Juancho Hernangómez
MIN,laymaja01,Jake Layman
MIN,mcdanja02,Jaden McDaniels
MIN,mclaujo01,Jordan McLaughlin
MIN,nowelja01,Jaylen Nowell
MIN,okogijo01,Josh Okogie
MIN,reidna01,Naz Reid
MIN,rubiori01,Ricky Rubio
MIN,russeda01,D'Angelo Russell
MIN,townska01,Karl-Anthony Towns
MIN,vandeja01,Jarred Vanderbilt
NOP,adamsst01,Steven Adams
NOP,alexani01,Nickeil Alexander-Walker
NOP,balllo01,Lonzo Ball
NOP,bledser01,Eric Bledsoe
NOP,gabriwe01,Wenyen Gabriel
NOP,hartjo01,Josh Hart
NOP,hayesja02,Jaxson Hayes
NOP,hernawi01,Willy Hernangómez
NOP,ingrabr01,Brandon Ingram
NOP,iwundwe01,Wes Iwundu
NOP,johnsja01,James Johnson
NOP,lewiski01,Kira Lewis Jr.
NOP,louzama01,Didi Louzada
NOP,magnawi01,Will Magnay
NOP,marshna01,Naji Marshall
NOP,mellini01,Nicolò Melli
NOP,nunnaja01,James Nunnally
NOP,redicjj01,JJ Redick
NOP,thomais02,Isaiah Thomas
NOP,thornsi01,Sindarius Thornwell
NOP,willizi01,Zion Williamson
NYK,barrerj01,RJ Barrett
NYK,brazdig01,Ignas Brazdeikis
NYK,bullore01,Reggie Bullock
NYK,burksal01,Alec Burks
NYK,gibsota01,Taj Gibson
NYK,harpeja01,Jared Harper
NYK,knoxke01,Kevin Knox
NYK,noelne01,Nerlens Noel
NYK,ntilila01,Frank Ntilikina
NYK,paytoel01,Elfrid Payton
NYK,pelleno01,Norvel Pelle
NYK,pinsoth01,Theo Pinson
NYK,quickim01,Immanuel Quickley
NYK,randlju01,Julius Randle
NYK,riverau01,Austin Rivers
NYK,robinmi01,Mitchell Robinson
NYK,rosede01,Derrick Rose
NYK,smithde03,Dennis Smith Jr.
NYK,toppiob01,Obi Toppin
OKC,bazleda01,Darius Bazley
OKC,bradlto01,Tony Bradley
OKC,brownch02,Charlie Brown Jr.
OKC,brownmo01,Moses Brown
OKC,deckga01,Gabriel Deck
OKC,diallha01,Hamidou Diallo
OKC,dortlu01,Luguentz Dort
OKC,gilgesh01,Shai Gilgeous-Alexander
OKC,halljo01,Josh Hall
OKC,hillge01,George Hill
OKC,hoardja01,Jaylen Hoard
OKC,horfoal01,Al Horford
OKC,jacksju01,Justin Jackson
OKC,jeromty01,Ty Jerome
OKC,maledth01,Théo Maledon
OKC,milleda01,Darius Miller
OKC,muscami01,Mike Muscala
OKC,mykhasv01,Svi Mykhailiuk
OKC,pokusal01,Aleksej Pokusevski
OKC,robinju01,Justin Robinson
OKC,robyis01,Isaiah Roby
OKC,willike04,Kenrich Williams
ORL,aminual01,Al-Farouq Aminu
ORL,anthoco01,Cole Anthony
ORL,bacondw01,Dwayne Bacon
ORL,bambamo01,Mo Bamba
ORL,birchkh01,Khem Birch
ORL,bonejo01,Jordan Bone
ORL,brazdig01,Ignas Brazdeikis
ORL,cannade01,Devin Cannady
ORL,cartewe01,Wendell Carter Jr.
ORL,cartemi01,Michael Carter-Williams
ORL,clarkga01,Gary Clark
ORL,ennisja01,James Ennis III
ORL,fournev01,Evan Fournier
ORL,frankro01,Robert Franks
ORL,fultzma01,Markelle Fultz
ORL,gordoaa01,Aaron Gordon
ORL,halldo01,Donta Hall
ORL,hamptrj01,R.J. Hampton
ORL,harriga01,Gary Harris
ORL,maneka01,Karim Mané
ORL,masonfr01,Frank Mason III
ORL,okekech01,Chuma Okeke
ORL,porteot01,Otto Porter Jr.
ORL,randlch01,Chasson Randle
ORL,rosste01,Terrence Ross
ORL,thornsi01,Sindarius Thornwell
ORL,vucevni01,Nikola Vučević
ORL,wagnemo01,Moritz Wagner
PHI,bradlto01,Tony Bradley
PHI,brazdig01,Ignas Brazdeikis
PHI,clarkga01,Gary Clark
PHI,curryse01,Seth Curry
PHI,embiijo01,Joel Embiid
PHI,fergute01,Terrance Ferguson
PHI,greenda02,Danny Green
PHI,harrito02,Tobias Harris
PHI,hillge01,George Hill
PHI,howardw01,Dwight Howard
PHI,joeis01,Isaiah Joe
PHI,jonesma05,Mason Jones
PHI,korkmfu01,Furkan Korkmaz
PHI,mathida01,Dakota Mathias
PHI,maxeyty01,Tyrese Maxey
PHI,miltosh01,Shake Milton
PHI,poirivi01,Vincent Poirier
PHI,reedpa01,Paul Reed
PHI,scottmi01,Mike Scott
PHI,simmobe01,Ben Simmons
PHI,thybuma01,Matisse Thybulle
PHI,tollian01,Anthony Tolliver
PHI,tuckera01,Rayjon Tucker
PHO,alexaty01,Ty-Shon Alexander
PHO,aytonde01,Deandre Ayton
PHO,bookede01,Devin Booker
PHO,bridgmi01,Mikal Bridges
PHO,carteje01,Jevon Carter
PHO,craigto01,Torrey Craig
PHO,crowdja01,Jae Crowder
PHO,gallola01,Langston Galloway
PHO,johnsca02,Cameron Johnson
PHO,jonesda03,Damian Jones
PHO,kaminfr01,Frank Kaminsky
PHO,mooreet01,E'Twaun Moore
PHO,naderab01,Abdel Nader
PHO,paulch01,Chris Paul
PHO,payneca01,Cameron Payne
PHO,saricda01,Dario Šarić
PHO,smithja04,Jalen Smith
POR,anthoca01,Carmelo Anthony
POR,blevike01,Keljin Blevins
POR,covinro01,Robert Covington
POR,ellebcj01,CJ Elleby
POR,kanteen01,Enes Freedom
POR,gilesha01,Harry Giles
POR,holliro01,Rondae Hollis-Jefferson
POR,hoodro01,Rodney Hood
POR,jonesde02,Derrick Jones Jr.
POR,leaftj01,T.J. Leaf
POR,lillada01,Damian Lillard
POR,littlna01,Nassir Little
POR,mccolcj01,CJ McCollum
POR,nurkiju01,Jusuf Nurkić
POR,powelno01,Norman Powell
POR,simonan01,Anfernee Simons
POR,trentga02,Gary Trent Jr.
SAC,baglema01,Marvin Bagley III
SAC,barneha02,Harrison Barnes
SAC,bjeline01,Nemanja Bjelica
SAC,daviste02,Terence Davis
SAC,foxde01,De'Aaron Fox
SAC,guyky01,Kyle Guy
SAC,halibty01,Tyrese Haliburton
SAC,harklma01,Maurice Harkless
SAC,hieldbu01,Buddy Hield
SAC,holmeri01,Richaun Holmes
SAC,jamesju01,Justin James
SAC,jeffrda01,DaQuan Jeffries
SAC,jonesda03,Damian Jones
SAC,josepco01,Cory Joseph
SAC,kinglo02,Louis King
SAC,metuch01,Chimezie Metu
SAC,parkeja01,Jabari Parker
SAC,pelleno01,Norvel Pelle
SAC,ramseja01,Jahmi'us Ramsey
SAC,robingl02,Glenn Robinson III
SAC,silvach01,Chris Silva
SAC,whiteha01,Hassan Whiteside
SAC,woodaro01,Robert Woodard II
SAC,wrighde01,Delon Wright
SAS,aldrila01,LaMarcus Aldridge
SAS,bateske01,Keita Bates-Diop
SAS,derozde01,DeMar DeRozan
SAS,dienggo01,Gorgui Dieng
SAS,eubandr01,Drew Eubanks
SAS,gayru01,Rudy Gay
SAS,johnske04,Keldon Johnson
SAS,jonestr01,Tre Jones
SAS,lylestr01,Trey Lyles
SAS,millspa02,Patty Mills
SAS,murrade01,Dejounte Murray
SAS,poeltja01,Jakob Poeltl
SAS,reynoca01,Cameron Reynolds
SAS,samanlu01,Luka Šamanić
SAS,vassede01,Devin Vassell
SAS,walkelo01,Lonnie Walker IV
SAS,weathqu01,Quinndary Weatherspoon
SAS,whitede01,Derrick White
TOR,anunoog01,OG Anunoby
TOR,baynear01,Aron Baynes
TOR,bembrde01,DeAndre' Bembry
TOR,birchkh01,Khem Birch
TOR,bouchch01,Chris Boucher
TOR,daviste02,Terence Davis
TOR,ellenhe01,Henry Ellenson
TOR,flynnma01,Malachi Flynn
TOR,gillefr01,Freddie Gillespie
TOR,harrija01,Jalen Harris
TOR,hoodro01,Rodney Hood
TOR,johnsst04,Stanley Johnson
TOR,lenal01,Alex Len
TOR,lowryky01,Kyle Lowry
TOR,mccawpa01,Patrick McCaw
TOR,powelno01,Norman Powell
TOR,siakapa01,Pascal Siakam
TOR,thomama02,Matt Thomas
TOR,trentga02,Gary Trent Jr.
TOR,vanvlfr01,Fred VanVleet
TOR,watanyu01,Yuta Watanabe
TOR,watsopa01,Paul Watson
UTA,azubuud01,Udoka Azubuike
UTA,bogdabo02,Bojan Bogdanović
UTA,brantja01,Jarrell Brantley
UTA,clarkjo01,Jordan Clarkson
UTA,conlemi01,Mike Conley
UTA,favorde01,Derrick Favors
UTA,forretr01,Trent Forrest
UTA,goberru01,Rudy Gobert
UTA,harrish01,Shaquille Harrison
UTA,hugheel01,Elijah Hughes
UTA,ilyaser01,Ersan İlyasova
UTA,inglejo01,Joe Ingles
UTA,mitchdo01,Donovan Mitchell
UTA,morgaju01,Juwan Morgan
UTA,niangge01,Georges Niang
UTA,onealro01,Royce O'Neale
UTA,onimi01,Miye Oni
UTA,thomama02,Matt Thomas
WAS,avdijde01,Deni Avdija
WAS,bealbr01,Bradley Beal
WAS,belljo01,Jordan Bell
WAS,bertada01,Dāvis Bertāns
WAS,bongais01,Isaac Bonga
WAS,browntr01,Troy Brown Jr.
WAS,bryanth01,Thomas Bryant
WAS,gaffoda01,Daniel Gafford
WAS,gillan01,Anthony Gill
WAS,hachiru01,Rui Hachimura
WAS,hutchch01,Chandler Hutchison
WAS,lenal01,Alex Len
WAS,lopezro01,Robin Lopez
WAS,mathega01,Garrison Mathews
WAS,netora01,Raul Neto
WAS,pasecan01,Anžejs Pasečņiks
WAS,robinje01,Jerome Robinson
WAS,smithis01,Ish Smith
WAS,wagnemo01,Moritz Wagner
WAS,westbru01,Russell Westbrook
WAS,winstca01,Cassius Winston
