Team,Player_ID,Player_Name
ATL,bellawa01,Walt Bellamy
ATL,bridgbi01,Bill Bridges
ATL,chambje01,Jerry Chambers
ATL,chapple01,Len Chappell
ATL,chrisbo01,Bob Christian
ATL,davisji01,Jim Davis
ATL,abdulma01,Walt Hazzard
ATL,hudsolo01,Lou Hudson
ATL,maravpe01,Pete Maravich
ATL,rileybo01,Bob Riley
ATL,vallejo01,John Vallely
ATL,whitehe01,Herb White
BAL,barneji01,Jim Barnes
BAL,cartefr01,Fred Carter
BAL,johnsge01,George Johnson
BAL,johnsgu01,Gus Johnson
BAL,loughke01,Kevin Loughery
BAL,marinja01,Jack Marin
BAL,milesed01,Eddie Miles
BAL,monroea01,Earl Monroe
BAL,murredo01,Dorie Murrey
BAL,stewade01,Dennis Stewart
BAL,tresvjo01,John Tresvant
BAL,tuckeal01,Al Tucker
BAL,unselwe01,Wes Unseld
BAL,zellega01,Gary Zeller
BOS,chanedo01,Don Chaney
BOS,cowenda01,Dave Cowens
BOS,dinwibi01,Bill Dinwiddie
BOS,finkeha01,Hank Finkel
BOS,havlijo01,John Havlicek
BOS,johnsri01,Rich Johnson
BOS,kuberst01,Steve Kuberski
BOS,morgare01,Rex Morgan
BOS,nelsodo01,Don Nelson
BOS,sandeto01,Tom Sanders
BOS,smithga01,Garfield Smith
BOS,whitejo01,Jo Jo White
BOS,williar01,Art Williams
BOS,williwi01,Willie Williams
BUF,bowmana01,Nate Bowman
BUF,bryanem01,Em Bryant
BUF,crawffr01,Freddie Crawford
BUF,davismi01,Mike Davis
BUF,garredi01,Dick Garrett
BUF,gillihe01,Herm Gilliam
BUF,hoskebi01,Bill Hosket
BUF,hummejo01,John Hummer
BUF,kauffbo01,Bob Kauffman
BUF,longpa01,Paul Long
BUF,lynnmi01,Mike Lynn
BUF,maydo01,Don May
BUF,sillimi01,Mike Silliman
BUF,warneco01,Cornell Warner
BUF,wilsoge01,George Wilson
CAR,braddga01,Gary Bradds
CAR,caldwjo01,Joe Caldwell
CAR,cardfr01,Frank Card
CAR,daughma01,Mack Daughtry
CAR,hargeir01,Ira Harge
CAR,johnsri01,Rich Johnson
CAR,kellyar01,Arvesta Kelly
CAR,kluttlo01,Lonnie Kluttz
CAR,lehmage01,George Lehmann
CAR,littlge01,Gene Littles
CAR,lloydch01,Chuck Lloyd
CAR,mahafra01,Randy Mahaffey
CAR,millela01,Larry Miller
CAR,newmada01,Dave Newmark
CAR,peeplge01,George Peeples
CAR,vergabo01,Bob Verga
CAR,williva01,Vann Williford
CHI,baumjo01,Johnny Baum
CHI,boerwto01,Tom Boerwinkle
CHI,colliji01,Jimmy Collins
CHI,foxji01,Jim Fox
CHI,guokama02,Matt Guokas
CHI,halimsh01,Shaler Halimon
CHI,holtaw01,A.W. Holt
CHI,kingji01,Jim King
CHI,lovebo01,Bob Love
CHI,ruffnpa01,Paul Ruffner
CHI,sloanje01,Jerry Sloan
CHI,walkech01,Chet Walker
CHI,weissbo01,Bob Weiss
CIN,architi01,Tiny Archibald
CIN,arnzebo01,Bob Arnzen
CIN,barrmo01,Moe Barr
CIN,blackto01,Tom Black
CIN,dierkco01,Connie Dierking
CIN,fostefr01,Fred Foster
CIN,greenjo01,Johnny Green
CIN,hydergr01,Greg Hyder
CIN,imhofda01,Darrall Imhoff
CIN,laceysa01,Sam Lacey
CIN,paulkch01,Charlie Paulk
CIN,robinfl01,Flynn Robinson
CIN,vanarto01,Tom Van Arsdale
CIN,vanlino01,Norm Van Lier
CIN,williwi01,Willie Williams
CLE,andercl01,Cliff Anderson
CLE,chapple01,Len Chappell
CLE,cookejo01,Joe Cooke
CLE,eganjo01,Johnny Egan
CLE,freemga01,Gary Freeman
CLE,johnsjo01,John Johnson
CLE,lewisbo01,Bobby Lewis
CLE,mclemmc01,McCoy McLemore
CLE,mikanla01,Larry Mikan
CLE,rackllu01,Luther Rackley
CLE,smithbi02,Bingo Smith
CLE,sorenda01,Dave Sorenson
CLE,suitega01,Gary Suiter
CLE,warrejo01,John Warren
CLE,washibo01,Bobby Washington
CLE,weslewa01,Walt Wesley
DET,bingda01,Dave Bing
DET,dischte01,Terry Dischinger
DET,driscte01,Terry Driscoll
DET,hewitbi01,Bill Hewitt
DET,komivho01,Howard Komives
DET,laniebo01,Bob Lanier
DET,marlaha01,Harvey Marlatt
DET,mixst01,Steve Mix
DET,mooreot01,Otto Moore
DET,mueller01,Erwin Mueller
DET,quickbo01,Bob Quick
DET,walkeji01,Jimmy Walker
DNR,barnhjo01,John Barnhill
DNR,beckby01,Byron Beck
DNR,beckear01,Art Becker
DNR,brownla01,Larry Brown
DNR,cannola01,Larry Cannon
DNR,chapmwa01,Wayne Chapman
DNR,hammoju01,Julian Hammond
DNR,hesteda01,Dan Hester
DNR,keyeju01,Julius Keye
DNR,sidledo01,Don Sidle
DNR,simpsra01,Ralph Simpson
DNR,wilsost01,Steve Wilson
DNR,workmto01,Tom Workman
DNR,wrighlo01,Lonnie Wright
FLO,beaslch01,Charlie Beasley
FLO,brookcl01,Clarence Brookins
FLO,calvima01,Mack Calvin
FLO,daviswa02,Warren Davis
FLO,franzro01,Ron Franz
FLO,fulleca01,Carl Fuller
FLO,hargeir01,Ira Harge
FLO,johnsri01,Rich Johnson
FLO,jonesla01,Larry Jones
FLO,nelsoro01,Ron Nelson
FLO,niemari01,Rich Niemann
FLO,ohanlfr01,Fran O'Hanlon
FLO,robinsa01,Sam Robinson
FLO,stewade01,Dennis Stewart
FLO,tuckeal01,Al Tucker
FLO,washitr01,Trooper Washington
FLO,wittmgr01,Greg Wittman
FLO,wrighlo01,Lonnie Wright
INA,barnhjo01,John Barnhill
INA,beckear01,Art Becker
INA,brownro01,Roger Brown
INA,chapmwa01,Wayne Chapman
INA,danieme01,Mel Daniels
INA,higgiea01,Earle Higgins
INA,jabalwa01,Warren Jabali
INA,kellebi01,Bill Keller
INA,lewisfr02,Freddie Lewis
INA,milleja01,Jay Miller
INA,mountri01,Rick Mount
INA,netolbo01,Bob Netolicky
INA,sidledo01,Don Sidle
INA,thackto01,Tom Thacker
KEN,carrida01,Darel Carrier
KEN,croftbo01,Bobby Croft
KEN,dampilo01,Louie Dampier
KEN,haganto01,Tom Hagan
KEN,hamilde01,Dennis Hamilton
KEN,hesteda01,Dan Hester
KEN,huntele01,Les Hunter
KEN,isselda01,Dan Issel
KEN,ligongo01,Goose Ligon
KEN,powelci01,Cincy Powell
KEN,prattmi01,Mike Pratt
KEN,simonwa01,Walt Simon
KEN,smithsa01,Sam Smith
KEN,willial01,Al Williams
KEN,wrighho01,Howie Wright
LAL,bayloel01,Elgin Baylor
LAL,chambwi01,Wilt Chamberlain
LAL,erickke01,Keith Erickson
LAL,goodrga01,Gail Goodrich
LAL,hairsha01,Happy Hairston
LAL,hetzefr01,Fred Hetzel
LAL,killuea01,Earnie Killum
LAL,mccarwi01,Willie McCarter
LAL,mcmilji01,Jim McMillian
LAL,rileypa01,Pat Riley
LAL,roberri01,Rick Roberson
LAL,tresvjo01,John Tresvant
LAL,westje01,Jerry West
MIL,abdulka01,Kareem Abdul-Jabbar
MIL,allenlu01,Lucius Allen
MIL,boozebo01,Bob Boozer
MIL,cunnidi01,Dick Cunningham
MIL,dandrbo01,Bob Dandridge
MIL,freemga01,Gary Freeman
MIL,greacbo01,Bob Greacen
MIL,mcglojo01,Jon McGlocklin
MIL,mclemmc01,McCoy McLemore
MIL,roberos01,Oscar Robertson
MIL,smithgr01,Greg Smith
MIL,webbje01,Jeff Webb
MIL,winklma01,Marv Winkler
MIL,zopfbi01,Bill Zopf
MMP,cuetoal01,Al Cueto
MMP,davisle01,Lee Davis
MMP,dietrco01,Coby Dietrick
MMP,govange01,Gerald Govan
MMP,jonesji01,Jimmy Jones
MMP,jonesst01,Steve Jones
MMP,joneswi02,Wil Jones
MMP,ladnewe01,Wendell Ladner
MMP,raymocr01,Craig Raymond
MMP,swiftsk01,Skeeter Swift
MMP,warrebo01,Bob Warren
MMP,willich01,Charlie Williams
NYA,ardji01,Jim Ard
NYA,barryri01,Rick Barry
NYA,buntibi02,Bill Bunting
NYA,congdje01,Jeff Congdon
NYA,deangbi01,Billy DeAngelis
NYA,deprejo01,Joe DePre
NYA,doveso01,Sonny Dove
NYA,greenlu01,Luther Green
NYA,hayesji01,Jim Hayes
NYA,huntele01,Les Hunter
NYA,johnsed01,Ed Johnson
NYA,leaksma01,Manny Leaks
NYA,melchbi01,Bill Melchionni
NYA,paultbi01,Billy Paultz
NYA,tartle01,Levern Tart
NYA,taylool01,Ollie Taylor
NYK,barnedi01,Dick Barnett
NYK,bradlbi01,Bill Bradley
NYK,debusda01,Dave DeBusschere
NYK,fillmgr01,Greg Fillmore
NYK,fraziwa01,Walt Frazier
NYK,jacksph01,Phil Jackson
NYK,masted01,Eddie Mast
NYK,pricemi01,Mike Price
NYK,reedwi01,Willis Reed
NYK,riordmi01,Mike Riordan
NYK,russeca01,Cazzie Russell
NYK,stallda01,Dave Stallworth
NYK,willimi01,Milt Williams
PHI,andercl01,Cliff Anderson
PHI,awtrede01,Dennis Awtrey
PHI,clarkar01,Archie Clark
PHI,crawffr01,Freddie Crawford
PHI,cunnibi01,Billy Cunningham
PHI,dierkco01,Connie Dierking
PHI,fostefr01,Fred Foster
PHI,greerha01,Hal Greer
PHI,guokama02,Matt Guokas
PHI,henryal01,Al Henry
PHI,howelba01,Bailey Howell
PHI,jackslu01,Luke Jackson
PHI,joneswa02,Wali Jones
PHI,ogdenbu01,Bud Ogden
PHI,washiji01,Jim Washington
PHO,countme01,Mel Counts
PHO,greenla01,Lamar Green
PHO,harriar01,Art Harris
PHO,haskicl01,Clem Haskins
PHO,hawkico01,Connie Hawkins
PHO,howargr01,Greg Howard
PHO,silaspa01,Paul Silas
PHO,taylofr01,Fred Taylor
PHO,thomajo01,Joe Thomas
PHO,vanardi01,Dick Van Arsdale
PHO,walkne01,Neal Walk
PHO,wetzejo01,John Wetzel
POR,adelmri01,Rick Adelman
POR,barneji02,Jim Barnett
POR,ellisle01,Leroy Ellis
POR,englicl01,Claude English
POR,gilmowa01,Walt Gilmore
POR,gregoga01,Gary Gregor
POR,halimsh01,Shaler Halimon
POR,knighro01,Ron Knight
POR,mannied01,Ed Manning
POR,mckenst01,Stan McKenzie
POR,murredo01,Dorie Murrey
POR,petrige01,Geoff Petrie
POR,schluda01,Dale Schlueter
POR,stricbi01,Bill Stricker
PTC,bankswa01,Walker Banks
PTC,briskjo01,John Brisker
PTC,hentzch01,Charlie Hentz
PTC,johnsri01,Rich Johnson
PTC,johnsst01,Stew Johnson
PTC,kellyar01,Arvesta Kelly
PTC,kennejo01,Joe Kennedy
PTC,lattida01,Dave Lattin
PTC,lauriha01,Harry Laurie
PTC,lewismi01,Mike Lewis
PTC,spainke01,Ken Spain
PTC,swiftsk01,Skeeter Swift
PTC,thompge01,George Thompson
PTC,wattssa01,Sam Watts
PTC,whitehu01,Hubie White
PTC,willich01,Charlie Williams
PTC,willich02,Chuck Williams
PTC,wilsoji01,Jim Wilson
SDR,adamsdo01,Don Adams
SDR,blockjo01,John Block
SDR,eganjo01,Johnny Egan
SDR,hayesel01,Elvin Hayes
SDR,kimbato01,Toby Kimball
SDR,lantzst01,Stu Lantz
SDR,murphca01,Calvin Murphy
SDR,perrycu01,Curtis Perry
SDR,siegfla01,Larry Siegfried
SDR,tomjaru01,Rudy Tomjanovich
SDR,trappjo01,John Trapp
SDR,willibe01,Bernie Williams
SEA,abdulza01,Zaid Abdul-Aziz
SEA,blackto01,Tom Black
SEA,clemeba01,Barry Clemens
SEA,crosspe01,Pete Cross
SEA,fordja01,Jake Ford
SEA,haywosp01,Spencer Haywood
SEA,heardga01,Gar Heard
SEA,kojisdo01,Don Kojis
SEA,meschto01,Tom Meschery
SEA,rulebo01,Bob Rule
SEA,snydedi01,Dick Snyder
SEA,thornro01,Rod Thorn
SEA,wilkele01,Lenny Wilkens
SEA,winfile01,Lee Winfield
SFW,attleal01,Al Attles
SFW,ellisjo01,Joe Ellis
SFW,fontale01,Levi Fontaine
SFW,jonesni01,Nick Jones
SFW,leecl01,Clyde Lee
SFW,lucasje01,Jerry Lucas
SFW,mullije01,Jeff Mullins
SFW,ogdenra01,Ralph Ogden
SFW,portmbo01,Bob Portman
SFW,smithad01,Adrian Smith
SFW,thurmna01,Nate Thurmond
SFW,turnebi01,Bill Turner
SFW,williro01,Ron Williams
TEX,beaslch01,Charlie Beasley
TEX,beasljo01,John Beasley
TEX,bedelbo01,Bob Bedell
TEX,boonero01,Ron Boone
TEX,braddga01,Gary Bradds
TEX,combsgl01,Glen Combs
TEX,croftbo01,Bobby Croft
TEX,daviswi01,Willie Davis
TEX,freemdo01,Donnie Freeman
TEX,haganto01,Tom Hagan
TEX,hamiljo01,Joe Hamilton
TEX,hightwa01,Wayne Hightower
TEX,johnsed01,Ed Johnson
TEX,jonesri01,Rich Jones
TEX,leaksma01,Manny Leaks
TEX,moorege01,Gene Moore
TEX,tartle01,Levern Tart
TEX,wittmgr01,Greg Wittman
UTS,beatyze01,Zelmo Beaty
UTS,boonero01,Ron Boone
UTS,butlemi01,Mike Butler
UTS,combsgl01,Glen Combs
UTS,congdje01,Jeff Congdon
UTS,freemdo01,Donnie Freeman
UTS,hightwa01,Wayne Hightower
UTS,jacksme01,Merv Jackson
UTS,mcdonro01,Rod McDonald
UTS,nemeldi01,Dick Nemelka
UTS,robbire01,Red Robbins
UTS,smithsa01,Sam Smith
UTS,stonege01,George Stone
UTS,wisewi01,Willie Wise
UTS,workmto01,Tom Workman
VIR,barremi01,Mike Barrett
VIR,brownla01,Larry Brown
VIR,buntibi02,Bill Bunting
VIR,cardfr01,Frank Card
VIR,cartege01,George Carter
VIR,eakinji01,Jim Eakins
VIR,irvinge01,George Irvine
VIR,johnsne02,Neil Johnson
VIR,loganhe01,Henry Logan
VIR,maloymi01,Mike Maloy
VIR,moedo01,Doug Moe
VIR,scottch01,Charlie Scott
VIR,scottra01,Ray Scott
VIR,taylofa01,Fatty Taylor
VIR,tayloro01,Ron Taylor
